set ob_query_timeout=1000000000;
drop database if exists et_test;
create database et_test;
use et_test;
set recyclebin = 0;
create external table ext_stu (
sid     int,
name    varchar(32),
cls     int
) external_url='/home/chenbochuan.cbc/data/px/stu.dat';
create external table ext_teacher (
tid        int,
name       varchar(32),
subject    varchar(4)
) external_url='/home/chenbochuan.cbc/data/px/teacher.dat';
create external table ext_score (
sid     int,
subject varchar(4),
score   int
) external_url='/home/chenbochuan.cbc/data/px/score.dat';
select * from ext_score;
sid	subject	score
11	'EN'	60
12	'EN'	70
13	'EN'	80
21	'EN'	58
22	'EN'	90
31	'EN'	80
41	'EN'	80
42	'EN'	90
51	'EN'	89
52	'EN'	99
61	'EN'	100
62	'EN'	90
63	'EN'	99
64	'EN'	87
11	'MA'	60
12	'MA'	70
13	'MA'	80
21	'MA'	58
22	'MA'	90
31	'MA'	80
41	'MA'	80
42	'MA'	90
51	'MA'	89
52	'MA'	99
61	'MA'	100
62	'MA'	90
63	'MA'	99
64	'MA'	87
select * from ext_score limit 2;
sid	subject	score
11	'EN'	60
12	'EN'	70
select * from ext_score limit 2,2;
sid	subject	score
13	'EN'	80
21	'EN'	58
select * from ext_score limit 999, 2;
sid	subject	score
